distance,trend
4.966296627167021,0.65
11.20076396832383,0.75
23.103096366891418,0.45
44.9159103813163,0.35
86.68587761342005,0.25
157.79244201451664,0.65
274.5987008162384,0.45
455.47706078584224,0.75
714.4473870476697,0.45
1063.6142729078592,0.45
